SMILES,density(g/cm3),1E,1w,1D,2D,4D
*CC(*)c1ccccc1,1.04,-22.21463258,106.0782503,0.6796,0.7478,0.8049
C([*])C([*])(CCC),0.87,-16.82901846,72.09390038,0.52,0.5399,0.5919
C([*])C([*])(CCCCCCC),0.87,-29.48501137,128.1565006,0.5453,0.5753,0.633
C([*])(C)=CCC([*]),0.92,-15.773453,70.07825032,0.5065,0.5782,0.644
C([*])(CCCCCCCC)C([*]),0.87,-32.65053755,142.276,0.5286,0.5823,0.6256
C([*])(C)O([*]),1.09,-21.78703773,90.06807956,0.6522,0.6792,0.751
O([*])C(COCCCCCC)C([*]),0.98,-47.98173933,204.1725446,0.6586,0.7109,0.739
C([*])C([*])(C3=CCC(c2ccc(c1ccccc1)cc2)C=C3),1.06,-52.98412351,260.1565006,0.7808,0.864,0.9019
C([*])C([*])(C3=CC(c2ccc(c1ccccc1)cc2)CC=C3),1.06,-52.98412928,260.1565006,0.7897,0.8549,0.9078
C([*])C([*])(CC1CCCC1),0.9,-25.30943357,112.1252005,0.5283,0.616,0.6691
C([*])C([*])(CC1CCCCC1),0.89,-22.145555,126.1408506,0.52,0.627,0.6827
C([*])C([*])(OCC(C)C),0.95,-24.05121476,102.1044651,0.5598,0.6228,0.6821
C([*])C([*])(OCCCCCC),0.93,-30.37730501,130.1357652,0.5681,0.6363,0.6876
C([*])C([*])(C1CCCC1),0.9,-22.14533317,98.10955045,0.5454,0.6166,0.6731
C1([*])CC(OC(CCC)O1)C([*]),1.07,-47.89467107,144.1150298,0.7554,0.7824,0.8158
C([*])(C)C(C)O([*]),0.99,-28.10653994,118.0993797,0.6321,0.6681,0.7116
C([*])CCCO([*]),0.99,-28.10076863,118.0993797,0.626,0.6674,0.7211
C([*])C([*])(CCCCCCCCCCCCCC),0.87,-51.63541462,226.2660511,0.5514,0.6232,0.67
C([*])C([*])(C(C)(C)C),0.87,-10.500828,86.10955045,0.3581,0.5807,0.6431
C([*])C(C1=CC=CC=C1)O([*]),1.11,-36.65447861,166.0993797,0.8124,0.8153,0.8894
O([*])C(C)C([*]),1.03,-24.93936732,104.146,0.6311,0.6821,0.7295
C([*])C([*])(OCCC),0.97,-36.7060858,88.088815,0.5597,0.6183,0.6785
CC(C=C1)=CC=C1C,1.04,-22.220943,106.0782503,0.6753,0.7315,0.8143
C(C=C1)=CC=C1,1.13,-15.879641,78.04695019,0.7028,0.8007,0.8625
C([*])CCCOCO([*]),1.06,-35.33248442,148.1099444,0.6919,0.7345,0.7928
C([*])COCO([*]),1.15,-29.00251844,120.0786442,0.699,0.7722,0.8466
C([*])C([*])(OCCCCCCCC),0.92,-18.93780288,158.1670653,0.5509,0.6401,0.7026
C([*])C([*])(CCCCCC),0.87,-35.81455871,114.1408506,0.5424,0.5627,0.6009
C([*])CCCCCCCO([*]),0.93,-40.75805674,174.1619799,0.6205,0.6524,0.6869
C([*])C([*])(CCCCCCCCC),0.87,-35.81461617,156.1878008,0.5432,0.6021,0.659
C([*])C([*])(OC),1.03,-14.554558,60.05751488,0.5021,0.6367,0.7071
C([*])(C(C)C)C([*]),0.87,-26.32307159,72.09390038,0.5507,0.5543,0.6083
C([*])C([*])(OC(C)C),0.97,-24.04891825,88.088815,0.5664,0.6295,0.6874
C([*])C([*])(CCC(C)C),0.87,-19.99459282,100.1252005,0.4776,0.5677,0.6139
C([*])C([*])(CCCC(C)C),0.87,-26.32313364,114.1408506,0.5276,0.5728,0.6227
C([*])C([*])(CCCCCC)(CCCCCCCCCC),0.87,-7.33637,254.2973512,0.3654,0.5747,0.6288
C([*])CCCCCO([*]),0.95,-34.42968277,146.1306798,0.631,0.6666,0.7174
[*]CC[*],0.92,-7.33637,30.068,0.3774,0.4533,0.5157
*CCO*,1.09,-21.77178972,90.06807956,0.6853,0.6994,0.7583
C([*])C([*])(OCC),0.99,-17.72035738,74.07316494,0.5462,0.6226,0.6797
C([*])C([*])(C1CCCCC1),0.9,-25.31640093,112.1252005,0.5674,0.6305,0.6859
C([*])C([*])(CC(C)(C)C),0.87,-23.16157388,100.1252005,0.4945,0.5832,0.6383
C([*])C([*])(CC),0.87,-13.66483493,58.07825032,0.4981,0.5272,0.5893
C([*])C([*])(OCCCC),0.95,-18.93774568,102.1044651,0.5509,0.6225,0.6941
C([*])C([*])(CCCC),0.87,-29.49003492,86.10955045,0.5482,0.5515,0.5992
C([*])(C)(CC)C([*]),0.87,-26.32578751,72.09390038,0.5358,0.564,0.6339
C([*])C([*])(C)(C1=CC=CC=C1),1.01,-25.380377,120.0939004,0.6266,0.7554,0.8117
C([*])=CCCC(C)C([*]),0.9,-22.10058179,98.10955045,0.5349,0.5968,0.6518
C([*])C([*])(CCCC(C)(C)C),0.87,-29.49003325,128.2501,0.5412,0.5888,0.6327
C([*])C([*])(C(C=C1)=CC=C1C(C)(C)C),0.96,-34.880348,162.1408506,0.6844,0.7209,0.7655
C([*])C([*])(c1ccc(C(C)CC)cc1),0.96,-34.88001879,162.1408506,0.6557,0.7095,0.7451
C([*])C([*])(C1=CC=C(C)C=C1),1.01,-25.38520678,120.0939004,0.5948,0.7234,0.7828
C([*])=CCC(C)C([*]),0.91,-18.93739311,84.09390038,0.495,0.5855,0.6376
C([*])C([*])(C1=CC=C(OC)C=C1),1.06,-29.44774826,136.088815,0.6767,0.8102,0.8633
C([*])C([*])(c1ccc(CCCCCC)cc1),0.95,-41.20755403,190.1721507,0.662,0.6978,0.7359
C([*])C([*])(c1ccc(COCCCCC)cc1),0.99,-45.26486532,206.1670653,0.6784,0.7421,0.7888
C([*])C([*])(c1ccc(CCCCCCCCCCCCCCCC)cc1),0.91,-72.85167379,330.3286513,0.6499,0.6984,0.7363
C([*])C([*])(c1ccc(CC)cc1),0.99,-28.54970239,134.1095504,0.598,0.7193,0.7697
C([*])C([*])(c1ccc(OCC)cc1),1.04,-32.61429505,150.1044651,0.7028,0.7884,0.832
C([*])C([*])(c1ccc(CCCCCCCCCCCC)cc1),0.92,-60.19359023,274.2660511,0.64,0.7029,0.7385
C([*])C([*])(c1ccc(CCCCCCCCCC)cc1),0.93,-53.86556048,246.234751,0.6426,0.6948,0.7459
C([*])C([*])(c1ccc(CCCC)cc1),0.96,-34.87888404,162.1408506,0.6439,0.6984,0.741
C([*])C([*])(c1ccc(OCCCC)cc1),1,-38.94342596,178.1357652,0.6859,0.7514,0.7937
C([*])C([*])(c1ccc(COCCCC)cc1),1,-42.09979289,192.1514153,0.6944,0.7416,0.7958
C([*])C([*])(c1cc(C)cc(C)c1),0.99,-28.55590657,134.1095504,0.5796,0.7246,0.7797
C([*])C([*])(c1ccc(C)c(C)c1),0.99,-28.55560986,134.1095504,0.7034,0.7341,0.7869
C([*])C([*])(CCC(C)(C)C),0.87,-18.93773135,114.1408506,0.4993,0.5851,0.6354
C([*])=CC([*])(C1=CC=CC=C1),1.07,-24.32057128,118.0782503,0.6548,0.7547,0.8267
C([*])C(C)OC(C=C1)=CC=C1O([*]),1.11,-43.89671597,196.1099444,0.8157,0.8364,0.914
C([*])C([*])(C1=CC(C)=CC=C1),1.01,-25.385525,120.0939004,0.7054,0.736,0.79
C([*])=CC(C)C([*]),0.92,-15.77223931,70.07825032,0.397,0.5684,0.6314
C([*])CC(C)CCC([*]),0.87,-23.15737547,100.1252005,0.5363,0.5676,0.6182
C([*])C(C)OCO([*]),1.09,-32.17132733,134.0942943,0.6878,0.7369,0.8122
C([*])C([*])(c1cccc(CC)c1),0.99,-28.54975288,134.1095504,0.6191,0.7191,0.7748
O([*])C(COCCCC)C([*]),1.01,-41.65316914,176.1412445,0.6677,0.7129,0.7544
O([*])C(C(C2=CC=CC=C2)=C1)=C(C3=CC=CC=C3)C=C1([*]),1.14,-60.11301871,290.1306798,0.8946,0.9507,1.0073
O([*])C(C(C)=C1)=C(C)C=C1([*]),1.07,-36.6788025,166.0993797,0.7913,0.824,0.8592
C([*])C([*])(c1cc(C)ccc1C),0.99,-28.55424233,134.1095504,0.6598,0.729,0.7834
C([*])C=C(C(C)(C)(C))C([*]),0.9,-25.27343299,112.1252005,0.574,0.6188,0.6786
C([*])C([*])(C1=C(C)C=CC=C1),1.01,-25.38368442,120.0939004,0.7009,0.7423,0.8005
C([*])C([*])(c1ccccc1CC),0.99,-28.5472208,134.212,0.6532,0.7317,0.7891
C([*])C([*])(c1ccccc1COCC),1.03,-35.76896664,164.1201151,0.6997,0.773,0.8315
C([*])C([*])(c1ccccc1COCCCC),1,-42.09795021,192.1514153,0.6861,0.7592,0.8021
C([*])C=CC([*])(C),0.92,-15.776335,70.07825032,0.5557,0.5628,0.6165
C([*])C=CC([*]),0.93,-12.612393,56.06260026,0.5376,0.5513,0.62
C([*])C([*])(C=C),0.93,-12.606043,56.06260026,0.4586,0.5664,0.6314
C([*])=CCCC([*]),0.92,-15.77058374,70.13,0.5061,0.5741,0.6458
C([*])=CCCCCCCCCCCCCCCCC([*]),0.88,-18.9349356,252.2817012,0.5242,0.6538,0.6872
C([*])=CCCCC([*]),0.91,-18.93773326,84.09390038,0.5551,0.5874,0.6443
C([*])C([*])(CCCCC),0.87,-23.15756444,100.1252005,0.5068,0.5646,0.6151
C([*])(CC)=CCC([*]),0.91,-18.9377708,84.09390038,0.5352,0.5899,0.6455
C([*])/C=C(C)C([*]),0.92,-15.780324,70.07825032,0.4977,0.5789,0.6442
C([*])(C=C1)=CC(C(C)=C2)=C1C=C2([*]),1.11,-28.643942,142.0782503,0.7345,0.8649,0.8955
*C/C=C\C*,0.9,-12.609319,56.06260026,0.4825,0.5671,0.6425
C([*])C([Cl])=CC([*]),1.25,-16.665495,90.0236279,0.8761,0.9005,1.0226
C([*])([Cl])([Cl])C([*]),1.71,-15.419555,97.96900549,1.1383,1.5513,1.7901
C([*])([Cl])C([*]),1.4,-11.378047,64.00797784,0.7086,1.0284,1.152
C(Cl)(Cl)C(Cl)(Cl),1.14,-23.490227,165.8910608,1.8936,2.8136,3.1327
C([*])C([*])(C1=CC=C([Cl])C=C1),1.35,-26.26765904,140.039278,0.9764,1.0153,1.088
C([*])C([*])(c1ccc(Cl)c(C)c1),1.1,-29.43887589,154.054928,0.9164,0.9584,1.0299
C([*])C([*])(c1ccc(Cl)cc1C),1.15,-29.43716646,154.054928,0.8469,0.9831,1.055
C([*])C([*])(c1ccc(Cl)c(Cl)c1),1.15,-30.316561,172.144,1.1288,1.2732,1.39
C([*])C([*])(c1cccc(Cl)c1),1.34,-26.268118,140.039278,0.7346,1.0162,1.092
C([*])C([*])(c1cc(Cl)ccc1Cl),1.34,-30.319002,174.0003056,1.0531,1.2693,1.3733
C([*])C([*])(c1ccc(Cl)cc1Cl),1.34,-30.31864064,174.0003056,1.1512,1.2495,1.3625
C([*])C([*])(C1=C([Cl])C=CC=C1),1.34,-26.26765138,140.039278,0.814,0.9982,1.0683
C([*])C(C=C1)=C([Cl])C=C1C([*]),1.1,-26.274656,140.039278,0.9233,0.9702,1.0549
C(S1)=CC=C1C(S2)=CC=C2,1.51,-26.648878,165.9910922,1.1068,1.2314,1.2929
C(S1)=CC=C1,1.51,-13.818274,84.00337113,0.7716,1.1189,1.2329
C(S1)=CC=C1C(S2)=CC=C2C(S3)=CC=C3C(=S),1.49,-45.89237556,291.9508843,1.1883,1.3077,1.359
C(C=C1)=CC=C1C(C=C2)=CC=C2C(C=C3)=CC=C3C(=S),1.27,-52.06777626,274.0816214,0.9555,1.0031,1.0138
C(C=C1)=CC=C1C(=S)C(S2)=CC=C2C(S3)=CC=C3,1.5,-47.94219827,285.9944633,1.2866,1.1496,1.2233
C(C=C1)=CC=C1C(=S)C(S2)=CC=C2C(=S),1.5,-36.23116093,247.9788133,1.2059,1.1505,1.211
C(C=C1)=CC=C1C(=S)C(C=C2)=CC=C2C(=S),1.44,-38.29164272,242.0223923,1.0015,1.0576,1.1028
CC(S1)=CC=C1CC(=S),1.45,-26.5656322,156.0067423,0.951,1.0029,1.0606
CC(S1)=CC=C1OC(=S),1.25,-27.46462832,157.9860068,1.1697,1.1426,1.1994
CC(C=C1)=CC=C1C(S2)=CC=C2C(=S),1.44,-38.29144697,218.0223923,0.976,1.0566,1.0894
CC(C=C1)=CC=C1C(=S)C2=CC=C(S2),1.44,-28.62855274,218.0223923,0.8018,0.8676,0.9091
CC(C=C1)=CC=C1C(=S)C(C=C2)=CC=C2,1.27,-40.34393349,212.0659714,0.838,0.9288,0.9234
CCC1=CC=C(S1)C(=S),1.45,-26.56403033,156.0067423,0.8078,0.9704,1.0247
CCC(C=C1)=CC=C1C(=S),1.27,-28.62793935,150.0503213,0.8234,0.8677,0.9031
CC(=S)C1=CC=C(S1)C(=S),1.49,-25.45353126,185.9631632,0.7693,0.921,0.9668
CC(=S)C(C=C1)=CC=C1C(=S),1.46,-13.74200065,180.0067423,0.7312,0.7647,0.8518
C([*])C([*])(SCCC),1.04,-20.06556279,104.0659714,0.6643,0.7166,0.77
C(C=C1)=CC=C1SC(C=C2)=CC=C2S,1.4,-37.25628842,218.0223923,1.0654,1.0964,1.1984
C([*])C([*])(SCC),1.1,-16.90098898,90.05032132,0.6431,0.7385,0.8109
C([*])C([*])(SCCCC),1,-23.23078108,118.0816214,0.5927,0.7087,0.7648
S([*])C(C=C1)=CC=C1([*]),1.36,-19.130478,110.0190212,0.9938,1.0091,1.0983
CCCC1=CC=C(S1),1.23,-23.31810109,126.0503213,0.7609,0.8511,0.929
CCC(C=C1)=CC=C1C2=CC=C(S2),1.25,-35.04325611,188.0659714,0.8865,0.936,0.9884
CCC1=CC=C(S1)C2=CC=C(S2),1.44,-32.98395981,194.0223923,1.1155,1.0409,1.1282
CC(C=C1)=CC=C1CC(S2)=CC=C2,1.25,-35.03843302,188.0659714,0.7909,0.9173,0.9981
CC(C=C1)=CC=C1C(C=C2)=CC=C2C(S3)=CC=C3,1.25,-46.766712,250.0816214,0.8019,0.9566,1.0204
CC(C=C1)=CC=C1C(S2)=CC=C2C(C=C3)=CC=C3,1.25,-46.769524,250.0816214,0.896,0.9621,1.0245
CC(C=C1)=CC=C1C(S2)=CC=C2C(S3)=CC=C3,1.4,-44.71068322,256.0380424,1.0135,1.0564,1.1333
CC(S1)=CC=C1CC(S2)=CC=C2,1.44,-32.97519159,194.0223923,0.9326,1.0493,1.1376
CC(S1)=CC=C1C(C=C2)=CC=C2C(S3)=CC=C3,1.4,-44.707554,256.0380424,1.1685,1.07,1.1365
CC(S1)=CC=C1C(S2)=CC=C2C(S3)=CC=C3,1.5,-42.65109691,261.9944633,1.1945,1.1861,1.2568
C(C=C1)=CC=C1C(C=C2)=CC=C2C(C=C3)=CC=C3C(S4)=CC=C4,1.24,-58.48346792,312.0972715,0.9221,0.9893,1.0111
C(C=C1)=CC=C1C(C=C2)=CC=C2C(S3)=CC=C3C(S4)=CC=C4,1.37,-56.42747333,318.0536924,1.0456,1.0746,1.104
C(C=C1)=CC=C1C(S2)=CC=C2C(C=C3)=CC=C3C(S4)=CC=C4,1.37,-56.427925,318.0536924,1.0033,1.08,1.1092
C(C=C1)=CC=C1C(S2)=CC=C2C(S3)=CC=C3C(S4)=CC=C4,1.48,-54.37163315,324.0101134,1.0748,1.1791,1.2077
C([*])C([*])(C(=O)OC(C)CC(C)C),1.03,-36.61557456,158.1306798,0.6279,0.7272,0.7809
C([*])C([*])(C(=O)Oc1ccccc1C(=O)OCC),1.22,-49.12272459,222.0892089,0.9225,0.9856,1.0677
C([*])C([*])(C)(C(=O)OCCOCC),1.1,-37.50134724,160.1099444,0.7286,0.7874,0.866
C([*])C([*])(C(=O)OCC(CC)CC),1.03,-36.60959192,158.1306798,0.6943,0.7252,0.7805
C([*])C([*])(C)(C(=O)OCC(CC)CC),1.01,-39.77590517,172.1463299,0.6638,0.7349,0.7806
C([*])C([*])(C(=O)OCC(CC)CCCC),1,-42.9382523,186.1619799,0.6448,0.7159,0.7757
C([*])C([*])(C)(C(=O)OCC(CC)CCCC),0.99,-46.10497111,200.17763,0.6522,0.7214,0.7753
C([*])C([*])(C(=O)Oc1ccccc1C(=O)OC),1.25,-45.95363664,208.0735589,1.0223,1.0593,1.1233
C([*])C([*])(C(=O)OCCOC),1.17,-31.1684252,132.0786442,0.7507,0.8347,0.9066
C([*])C([*])(C(=O)OC(CCC(CC)CCCC)CC(C)C),0.95,-61.93055121,270.2558803,0.6497,0.7149,0.7609
C([*])C([*])(C(=O)OCC(C)CC),1.05,-33.44607451,144.1150298,0.6778,0.7397,0.7982
C([*])C([*])(C(=O)OCC(C)CCC),1.03,-36.6105374,158.1306798,0.6637,0.7266,0.7891
C([*])C([*])(C(=O)Oc2ccc1ccccc1c2),1.18,-42.09770049,200.0837296,0.9135,0.9855,1.0489
C([*])C([*])(C(=O)OC(C)CCCCCC),1,-42.9419123,186.1619799,0.6761,0.7134,0.7703
C([*])C([*])(C)(C(=O)OCCC1=CC=CC=C1),1.11,-41.99832918,192.1150298,0.7538,0.8614,0.9125
C([*])C([*])(C(=O)Oc1ccccc1C(C)(C)C),1.08,-45.1666668,206.1306798,0.7291,0.8504,0.899
C([*])C([*])(C(=O)OC1CC(C)CC(C)(C)C1),1.01,-45.10627536,198.1619799,0.7057,0.7604,0.8132
C([*])C([*])(C)(C(=O)OC1CC(C)CC(C)(C)C1),1,-48.27287364,212.17763,0.6926,0.7557,0.8034
C([*])C([*])(C)(C(=O)OC(C)C(C)(C)C),1.01,-39.78347694,172.1463299,0.7153,0.7291,0.7956
C([*])C([*])(C)(C(=O)OCCC(C)(C)C),1.01,-39.77968378,172.1463299,0.7123,0.7378,0.799
C([*])C([*])(C)(C(=O)OCCC(C)CC(C)(C)C),0.98,-49.27218786,214.1932801,0.6829,0.727,0.7863
C([*])C([*])(C(=O)Oc1cccc(C(=O)OCC)c1),1.22,-49.12300559,222.0892089,0.8947,0.9866,1.0708
C([*])C([*])(C(=O)OCCOCC),1.13,-34.3348954,146.0942943,0.7369,0.808,0.8586
C([*])C([*])(C(=O)OCCC(C)OC),1.1,-37.50134786,160.1099444,0.7302,0.788,0.8631
C([*])C([*])(C(=O)Oc1cccc(C(=O)OC)c1),1.25,-45.95458329,208.0735589,0.8862,1.0374,1.1103
C([*])C([*])(C(=O)OCCCOC),1.13,-34.33427367,146.0942943,0.7107,0.8164,0.8796
C([*])C([*])(C(=O)OCCC(C)C),1.05,-33.44634881,144.1150298,0.6692,0.744,0.8043
C([*])C([*])(C)(C(=O)OCCOC),1.13,-34.33485899,146.0942943,0.7003,0.8183,0.8872
C([*])C([*])(C(=O)OC(CC)CC),1.05,-33.44832008,144.1150298,0.6946,0.7285,0.7941
C([*])C([*])(C(=O)Oc2ccc(c1ccccc1)cc2),1.17,-47.38994887,226.0993797,0.8959,0.9643,1.0131
C([*])C([*])(C(=O)Oc1ccc(C(=O)OCCCC)cc1),1.17,-55.45256919,250.1205091,0.8632,0.9302,0.994
C([*])C([*])(C(=O)Oc1ccc(C(=O)OCC)cc1),1.22,-49.12344667,222.0892089,0.9168,0.9867,1.0249
C([*])C([*])(C(=O)Oc1ccc(C(=O)OC)cc1),1.25,-45.95561548,208.0735589,0.9881,1.0404,1.1129
C([*])C([*])(C)(C(=O)Oc1ccc(C(=O)OC)cc1),1.22,-49.12217513,222.0892089,0.9074,1.0015,1.0586
C([*])C([*])(C(=O)Oc1ccc(OC)cc1),1.16,-39.73542159,180.0786442,0.8242,0.9672,1.0305
C([*])C([*])(C)(C(=O)OC1CCC(CC1)C(C)(C)C),0.99,-51.43302516,226.1932801,0.6921,0.7435,0.7947
C([*])C([*])(C(=O)Oc1ccc(C(C)(C)C)cc1),1.08,-45.16846484,206.1306798,0.7825,0.8456,0.8946
C([*])C([*])(C)(C(=O)OCC1=CC=CC=C1),1.14,-38.83040446,178.0993797,0.8079,0.8747,0.9565
C([*])C([*])(C(=O)OCCCC),1.07,-30.2799508,130.0993797,0.7027,0.7379,0.8114
C([*])C([*])(C)(C(=O)OCCCC),1.05,-33.44646736,144.1150298,0.6668,0.7355,0.7981
C([*])C([*])(C)(C(=O)OC1CCC1),1.09,-32.41094253,142.0993797,0.6868,0.7767,0.8392
C([*])C([*])(C(=O)OC1CCCCC1),1.07,-35.60689671,156.1150298,0.7307,0.7821,0.8292
C([*])C([*])(C)(C(=O)OC1CCCCC1),1.05,-38.77348962,170.1306798,0.6695,0.7603,0.8242
C([*])(C)C([*])(C(=O)OC1CCCCCCC1),1.01,-45.08519377,198.1619799,0.7118,0.764,0.813
C([*])C([*])(C)(C(=O)OC1CCCC1),1.07,-35.60177572,156.1150298,0.6558,0.7692,0.8373
C([*])C([*])(C(=O)OCCCCCCCCCCCC),0.96,-55.59494617,242.2245802,0.657,0.7133,0.757
C([*])C([*])(C)(C(=O)OCCCCCCCCCCCC),0.96,-58.76143266,256.2402303,0.6557,0.7132,0.7661
C([*])C([*])(C(=O)OCC),1.15,-23.95103113,102.0680796,0.6607,0.7758,0.8495
C([*])C([*])(C(=O)OCc1ccco1),1.27,-34.42832812,154.0629942,0.8904,0.9702,1.0561
C([*])C([*])(C(=O)OCC1CO1),1.08,-30.12915648,130.0629942,0.8063,0.9325,1.0131
C([*])C([*])(C(=O)OCCCCCCC),1.01,-39.7728697,172.1463299,0.6645,0.7193,0.7754
C([*])C([*])(C(=O)OCCCCCCCCCCCCCCCC),0.94,-68.25347706,298.2871805,0.6741,0.7178,0.7616
C([*])C([*])(C(=O)OCCCCCC),1.03,-36.60870833,158.1306798,0.6721,0.7321,0.7826
C([*])C([*])(C)(C(=O)OCCCCCC),1.01,-39.77535672,172.1463299,0.6458,0.7186,0.7831
C([*])C([*])(C(=O)OCC(C)C),1.07,-30.28242543,130.0993797,0.6774,0.7496,0.8075
C([*])C([*])(C)(C(=O)OCC(C)C),1.05,-33.4491432,144.1150298,0.6556,0.746,0.7977
C([*])C([*])(C(=O)OC(C)C),1.11,-27.12025162,116.0837296,0.6653,0.7507,0.8122
C([*])C([*])(C)(C(=O)OC(C)C),1.07,-30.28648449,130.0993797,0.6445,0.7415,0.8104
C([*])C([*])(C(=O)OC1C=C(C)C=CC1),1.12,-36.6703137,166.0993797,0.8023,0.8294,0.9025
C([*])C([*])(C(=O)OC),1.22,-20.783291,88.0524295,0.7078,0.8322,0.9014
C([*])C([*])(C)(C(=O)OC),1.15,-23.94963553,102.0680796,0.6551,0.7994,0.8752
C([*])C([*])(C)(C(=O)OCCCCCCCCCC),0.97,-52.43292476,228.2089301,0.6541,0.6939,0.751
C([*])C([*])(C(=O)OCCCCCCCC),1,-42.93693849,186.1619799,0.6519,0.7128,0.772
C([*])C([*])(C(=O)OCC(C)(C)C),1.05,-33.45048416,144.1150298,0.6598,0.7391,0.7976
C([*])C([*])(C(=O)OCCCCCCCCC),0.99,-46.10137315,200.17763,0.6523,0.7008,0.7758
C([*])C([*])(C(=O)Oc1ccccc1C),1.15,-35.67334775,164.0837296,0.8775,0.9039,0.9613
C([*])C([*])(C(=O)Oc1ccc(C)cc1),1.15,-35.67355263,164.0837296,0.8074,0.8922,0.959
C([*])C([*])(C)C(=O)OCCCCC,1.03,-36.61087364,158.1306798,0.6535,0.728,0.7885
C([*])C([*])(C(=O)OCCc1ccccc1),1.14,-38.83148919,178.0993797,0.8329,0.8677,0.9448
C([*])C([*])(C)(C(=O)OC1=CC=CC=C1),1.15,-35.66887135,164.0837296,0.7891,0.8999,0.9711
C([*])C([*])(C(=O)OCCC),1.11,-27.11577428,116.0837296,0.6785,0.7484,0.8246
C([*])C([*])(C)(C(=O)OCCC),1.07,-30.2821843,130.0993797,0.6596,0.7502,0.8089
C([*])C([*])(C(=O)OC(C)CC),1.07,-30.28408968,130.0993797,0.7217,0.737,0.7982
C([*])C([*])(C)(C(=O)OC(C)CC),1.05,-33.45075165,144.1150298,0.6919,0.7328,0.7884
C([*])C([*])(C(=O)OC(C)(C)C),1.07,-30.28821618,130.0993797,0.6119,0.7468,0.7961
C([*])C([*])(C)(C(=O)OC(C)(C)C),1.05,-33.45470258,144.1150298,0.6375,0.7296,0.8027
C([*])C([*])(C)(C(=O)OCCCCCCCCCCCCCC),0.95,-65.08986142,284.2715304,0.6467,0.7206,0.7543
*OCCOC(=O)Nc2ccc(Cc1ccc(NC(*)=O)cc1)cc2,1.37,-78.14387948,358.1528718,0.936,1.0379,1.1093
C([*])(C)C(=O)O([*]),1.31,-28.00028465,118.0629942,0.7755,0.8949,0.9747
C([*])(C)CC(=O)O([*]),1.22,-31.16990378,132.0786442,0.7511,0.8471,0.9246
O([*])C(=O)OC(C=C1)=CC=C1C(C=C2)=CC=C2CC(C=C3)=CC=C3C(C=C4)=CC=C4([*]),1.21,-88.47973771,424.1674592,0.9366,0.9833,1.044
N([*])C(CC1)CCC1CC(CC2)CCC2NC(=O)CCCCCCCCCCC([*])(=O),1.01,-91.03752422,406.3559287,0.7404,0.8043,0.8368
O([*])C(=O)OC(C=C1)=CC=C1C(CCCC)(C)C(C=C2)=CC=C2([*]),1.15,-74.52644393,342.1831093,0.8579,0.8969,0.9557
C([*])C([*])(c1ccc(C(=O)OCCN(C)C)cc1),1.1,-48.59040568,221.1415788,0.7707,0.8544,0.9008
C([*])C([*])(C(=O)OCC(CCl)(CCl)CCl),1.43,-45.5697149,245.9981127,1.1731,1.2851,1.3848
O([*])C(=O)OC(C=C1)=CC=C1C(C)(C)C(C=C2)=CC=C2([*]),1.2,-65.0347481,300.1361591,0.9034,0.9609,1.0198
O([*])C(=O)OC(C=C1)=C(C)C=C1C(C)(C)C(C=C2)=CC(C)=C2([*]),1.16,-71.37548545,328.1674592,0.8583,0.9017,0.9659
O([*])C(=O)OC(C=C1)=CC=C1C(CCC)(C)C(C=C2)=CC=C2([*]),1.16,-71.36263832,328.1674592,0.8676,0.9187,0.9869
C([*])C([*])(c1ccccc1C(=O)OCCN(C)C),1.1,-48.58750076,221.1415788,0.7755,0.8606,0.9072
O([*])C(=O)OC(C=C1)=CC=C1C(C)C(C=C2)=CC=C2([*]),1.23,-61.86929407,286.1205091,0.914,0.9756,1.0496
O([*])C(=O)OC(C=C1)=CC=C1C2(CCCC2)C(C=C3)=CC=C3([*]),1.19,-70.35027212,326.1518092,0.9096,0.9675,1.0654
O([*])C(=O)OC(C=C1)=CC=C1C2(CCCCC2)C(C=C3)=CC=C3([*]),1.17,-73.51787293,340.1674592,0.9092,0.9503,1.0162
O([*])C(=O)OC(C([Cl])=C1)=C([Cl])C=C1C2(CCCCC2)C(C=C3([Cl]))=CC([Cl])=C3([*]),1.43,-89.70473804,476.0115698,1.282,1.2932,1.3004
O([*])C(=O)OC(C=C1)=CC=C1C(CCC)C(C=C2)=CC=C2([*]),1.18,-68.19882775,314.1518092,0.8793,0.9259,1.0097
C([*])(C[Cl])(C[Cl])CCO([*]),1.37,-39.35121979,200.037085,0.975,0.9596,0.9647
O([*])C(=O)OC(C=C1)=CC=C1CC(C)(C)C(C=C2)=CC=C2([*]),1.18,-68.2029651,314.1518092,0.8939,0.9594,1.0253
O([*])C(=O)OC(C=C1)=CC=C1C(C2=CC=CC=C2)(C)C(C=C3)=CC=C3([*]),1.21,-76.74802784,362.1518092,0.9378,0.9841,1.0361
C([*])(C)C([*])(C(=O)OCCN=O),1.29,-33.48806207,145.0738932,0.8635,0.9791,1.0662
C([*])C([*])(OC(=O)CCCC),1.07,-30.28058552,130.0993797,0.6706,0.7497,0.8064
C([*])C([*])(N1CCCC1(=O)),1.11,-25.480169,113.084064,0.7079,0.8222,0.8857
C([*])C([*])(OC(=O)CC),1.15,-23.9509575,102.0680796,0.6912,0.7893,0.8586
C([*])C([*])(SC1=CC=CC=C1),1.15,-25.45366466,138.0503213,0.8047,0.9056,0.9815
C([*])(C(=O)C1=CC=CC=C1)C([*]),1.16,-28.41013552,134.0731649,0.7937,0.8886,0.9543
C([*])(C(=O)C)C([*]),1.12,-16.69743,72.05751488,0.6242,0.7476,0.8267
C([*])C([*])(OC=O),1.34,-17.611532,74.03677943,0.763,0.9183,1.0421
C([*])(C(=O)CC)C([*]),1.06,-19.86038885,86.07316494,0.6298,0.7102,0.773
C([*])C([*])(OC(=O)C[Cl]),1.46,-24.820467,122.0134571,1.012,1.1714,1.279
C([*])C([*])(N3C1=CC=CC=C1C2=CC=CC=C23),1.13,-39.55980158,195.1047994,0.8347,0.9237,0.9886
C([*])C([*])(OC(=O)CCCCC),1.05,-33.44459046,144.1150298,0.6683,0.7521,0.7842
C([*])C([*])(OC(=O)CCC),1.11,-27.11609041,116.0837296,0.6785,0.7528,0.8212
C([*])C([*])(OC(=O)C1=CC=CC=C1),1.22,-32.50100336,150.0680796,0.8306,0.9199,1.0086
C([*])C([*])(OC(=O)C),1.22,-20.78757109,88.0524295,0.7228,0.8366,0.9139
O([*])C(=O)C(C=C1)=CC=C1C(=O)OCCC([*]),1.31,-56.33735233,252.0997736,0.9159,1.0002,1.0728
C([*])CCCC(=O)OCCCCOC([*])(=O),1.15,-46.88680335,202.1205091,0.8046,0.8839,0.9393
C([*])(=O)OC(C(C)=C1)=C(C)C=C1C(C)(C)C(C=C2(C))=CC(C)=C2O([*]),1.13,-77.70979584,356.1987594,0.8268,0.8839,0.9629
C([*])C([*])(Cl)(C(=O)OC(C)CC),1.22,-34.32543325,164.0604073,0.8428,0.9304,0.9923
C([*])C(C)C([*])(=O),1.12,-16.6863894,72.05751488,0.6408,0.7325,0.7881
*CC(*)C,0.87,-10.500828,44.06260026,0.429,0.503,0.5646
S([*])CC([*])(C),1.09,-13.74208281,76.03467126,0.6705,0.7641,0.849
O([*])CCCOC(=O)CCC([*])(=O),1.26,-47.78424706,204.0997736,0.8548,0.9418,1.0165
C([*])C(C)OC(=O)O([*]),1.31,-35.25479159,148.0735589,0.8267,0.9158,1.0013
C([*])C([*])(Cl)(CC(=O)OCCC),1.22,-34.3262899,164.0604073,0.8494,0.9534,1.0185
C([*])C([*])(C(=O)OCCC)([Cl]),1.28,-31.15652236,150.0447573,0.8834,0.978,1.0561
C([*])C([*])(C(=O)NN1CCCCC1),1.08,-35.21114757,156.1262631,0.7121,0.7923,0.8533
N([*])C(CN1)NCC1NC(=O)CCCCCCCCC([*])(=O),1.14,-64.09532555,284.2212261,0.8046,0.8538,0.9122
C([*])(C=C1)=CC=C1C(=O)O([*]),1.32,-36.568291,166.0629942,0.9138,1.0275,1.1214
N([*])CC(C=C1)=CC=C1CNC(=O)CCCCCCCCC([*])(=O),1.1,-66.79963459,304.2150781,0.8061,0.8684,0.9119
O([*])C(=O)C(C=C1)=CC=C1CCCCC(C=C2)=CC=C2C([*])(=O),1.21,-70.33263505,326.1518092,0.8898,0.9959,1.0534
N([*])CCCCCCCCNC(=O)CCCCCCC([*])(=O),1.03,-64.56792272,284.2463783,0.7307,0.7948,0.8336
N([*])CCCCCCCCCNC(=O)CCCCCCCC([*])(=O),1.01,-70.89907734,312.2776784,0.7306,0.7802,0.8226
C([*])C([*])(C(=O)N(C)C),1.08,-23.31689218,101.084064,0.6617,0.7686,0.8237
C([*])C([*])(C(=O)N(C(C)C)C(C)C),0.99,-35.98058258,157.1466642,0.6535,0.7243,0.7817
C([*])C([*])C(=O)(N(CCCC)CCCC),0.97,-42.30759499,185.1779644,0.643,0.7013,0.7446
C([*])C([*])(C)(C(=O)NC(C)(C)C),1.03,-32.819374,143.1310142,0.6383,0.7232,0.7805
C([*])C([*])(C(=O)NC(C)(C)C),1.05,-29.65338867,129.1153641,0.6473,0.7131,0.7746
C([*])C([*])(C(=O)NC(C)CC),1.05,-29.65080201,129.1153641,0.6453,0.7139,0.7867
C([*])C([*])(C(=O)NC1=CC=CC=C1),1.2,-31.87342438,149.084064,0.8014,0.9087,0.9544
C([*])C([*])(C(=O)NCCCCCCCCCCCCCCCCCC),0.93,-73.9483306,325.334465,0.6496,0.7004,0.7462
C([*])C([*])(C(=O)N(C)c1ccccc1),1.14,-35.03737122,163.099714,0.7749,0.8483,0.9245
C([*])C([*])(C(=O)NC(C)C),1.08,-26.48612755,115.099714,0.6539,0.7294,0.7797
C([*])C([*])(C(=O)NCCCC),1.05,-29.64646594,129.1153641,0.6511,0.7202,0.7543
C([*])C([*])(C(=O)NC(C)CCC),1.03,-32.81575,143.1310142,0.6461,0.7057,0.7512
C([*])C([*])(SC),1.19,-13.73674199,76.03467126,0.6648,0.77,0.8413
C([*])C([*])([Cl])(OC(=O)C),1.46,-24.832727,122.0134571,0.993,1.1532,1.2752
C([*])C([*])(Cl)(C(=O)OC),1.46,-24.823786,122.0134571,0.9988,1.1575,1.2629
N([*])C(=C1)C=CC=C1NC(=O)C(=C2)C=CC=C2C([*])(=O),1.4,-50.05137377,240.0898776,1.0015,1.1155,1.1665
C([*])C([*])(Cl)(C(=O)OC(C)C),1.28,-31.16093633,150.0447573,0.8845,0.9841,1.063
C([*])(CC(C)C)C([*]),0.87,-19.99467084,86.10955045,0.5057,0.564,0.6049
C([*])C([*])(Cl)(C(=O)OCC(C)C),1.22,-34.32366157,164.0604073,0.8561,0.9367,0.9947
O([*])CCCCCCOC(=O)CCCCCCCCC([*])(=O),1.05,-76.26934081,330.2406242,0.7649,0.821,0.8617
N([*])CCCCCCCNC(=O)CCCCCC([*])(=O),1.05,-58.24082185,256.2150781,0.7394,0.8018,0.839
O([*])C(COC)C([*]),1.09,-32.15773896,134.0942943,0.6881,0.6923,0.6858
C([*])CC([*])(=O),1.2,-13.520296,58.04186481,0.6586,0.7761,0.8586
O([*])C(=O)C(C=C1)=CC=C1C(=O)OCC([*]),1.36,-53.17054332,238.0841235,0.9538,1.0458,1.1459
S([*])CC([*]),1.21,-10.57808052,62.01902119,0.6991,0.8148,0.9284
O([*])CCOC(=O)CCC([*])(=O),1.31,-44.61898784,190.0841235,0.8694,0.9849,1.0676
O([*])C(=O)C(C=CC=C1)=C1C(=O)OCC([*]),1.35,-53.16885173,238.0841235,0.9553,1.0641,1.1493
C([*])COC(C=C1)=CC=C1C(=O)O([*]),1.26,-46.95201432,210.0892089,0.8884,0.9663,1.0622
O([*])CCOC(=O)C(C=C1)=CC(C=C2)=C1C=C2C([*])(=O),1.33,-62.76705643,288.0997736,0.9695,1.0872,1.1539
O([*])C(=O)C(=C1)C=CC=C1C(=O)OCC([*]),1.36,-53.17072172,238.0841235,0.9438,1.0845,1.1697
C([*])COC(=O)O([*]),1.4,-32.08550104,134.0579088,0.8695,0.9842,1.1102
C([*])C([*])(C(=O)OCC)([Cl]),1.36,-27.99167612,136.0291072,0.9319,1.0415,1.1293
O([*])CC([*])(C[Cl]),1.35,-28.97931923,138.0447573,0.8437,0.8475,0.8329
C([*])(C(=O)OCCC)C([*])(C(=O)OCCC),1.15,-46.89869368,202.1205091,0.7941,0.8474,0.9062
C([*])(C(=O)OC)C([*])(C(=O)OC),1.31,-34.23094298,146.0579088,0.8938,0.9862,1.0648
C([*])(C(=O)OC)(CC(=O)OC)C([*]),1.26,-37.39729338,160.0735589,0.858,0.9523,1.024
C([*])(C(=O)OCC)C([*])(C(=O)OCC),1.22,-40.56802973,174.0892089,0.8115,0.8908,0.9458
N([*])CCCCCCCCCNC(=O)CCCCCCCCC([*])(=O),1.01,-74.06393756,326.2933285,0.7284,0.7744,0.805
N([*])CCCCCCCCCCNC(=O)CCCCCCCC([*])(=O),1.01,-74.06390362,326.2933285,0.7217,0.7927,0.8132
C([*])C([*])(Cl)(C(=O)OC1CCCCC1),1.18,-39.64747411,190.0760574,0.8657,0.9389,1.0101
O([*])CCCCOC(=O)CCCCCCCCC([*])(=O),1.07,-69.93753151,302.2093241,0.7785,0.8324,0.8752
O([*])C(=O)C(=CC=C1)C=C1C(=O)OCCCC([*]),1.27,-59.50097793,266.1154237,0.9032,0.9926,1.0939
C([*])C([*])(Cl)(C(=O)OCCCC),1.22,-34.32089512,164.0604073,0.8533,0.9352,0.9948
C([*])(=O)OC(C=C1)=CC=C1C(CC)(C)C(C=C2)=CC=C2O([*]),1.18,-68.19805264,314.1518092,0.89,0.9415,1.0093
C([*])(=O)C(C=C1)=CC=C1C(=O)OC(C=C2)=CC=C2C(C)(C)C(C=C3)=CC=C3O([*]),1.22,-86.11925492,404.1623739,0.9422,1.0097,1.0593
O([*])C(=O)CCCCCCCC([*])(=O),1.14,-50.05659449,216.1361591,0.7856,0.8526,0.9105
[*]CC([*])(C(=O)N),1.35,-16.982203,73.05276384,0.7092,0.8468,0.9585
N([*])CCCCCCCCC([*])(=O),1.01,-35.92452232,157.1466642,0.6642,0.7286,0.7806
C([*])C([*])(C(=O)OCCCCSC),1.15,-36.68298151,176.0871008,0.7888,0.8523,0.9209
O([*])C(=O)OC(C=C1)=CC=C1SC(C=C2)=CC=C2([*]),1.33,-58.77959509,290.0612799,1.0403,1.1316,1.2238
C([*])(=O)CCCCOC(C=C1)=CC=C1OC(C=C2)=CC=C2C(=O)O([*]),1.21,-78.47168462,358.1416384,0.9551,1.0539,1.115
O([*])C(=O)C(C=C1)=CC=C1CCCCCC(C=C2)=CC=C2C([*])(=O),1.19,-73.50757804,340.1674592,0.887,0.962,1.019
C([*])C([*])(C(=O)OCCCSC),1.19,-33.51713962,162.0714507,0.7915,0.8839,0.9406
C([*])C([*])(C1=CC=C(C2=CC=CC=C2)C=C1),1.08,-37.10195254,182.1095504,0.7564,0.8444,0.8969
C([*])C([*])(c1ccc(C(=O)OCC(C)C)cc1),1.09,-45.16833615,206.1306798,0.7516,0.8292,0.8749
C([*])C([*])(c1ccc(C(=O)OCCCCCC)cc1),1.05,-51.49527878,234.1619799,0.7376,0.8106,0.856
C([*])C([*])(c1ccc(C(=O)CCCCC)cc1),1.03,-44.23971149,204.1514153,0.7117,0.7849,0.8269
C([*])C([*])(c1ccc(C(=O)OCC)cc1),1.14,-38.83696759,178.0993797,0.7847,0.8632,0.9173
C([*])C([*])(c1ccc(C(=O)N(C)C)cc1),1.11,-38.201969,177.1153641,0.7537,0.8325,0.8974
C([*])C([*])(c1ccc(C(=O)N(CC)CC)cc1),1.07,-44.53476457,205.1466642,0.7319,0.8097,0.8479
C([*])C([*])(C(=O)OC(C=C1)=CC=C1[Cl]),1.15,-36.55366294,184.0291072,1.0418,1.175,1.2338
C([*])C([*])(c1ccc(C(=O)CCC)cc1),1.06,-37.91098094,176.1201151,0.7308,0.8097,0.8495
C([*])C([*])(c1ccc(C(=O)OCCCC)cc1),1.09,-45.16606829,206.1306798,0.7532,0.8269,0.8723
C([*])C([*])(c2ccc(C(=O)c1ccccc1)cc2),1.15,-43.296638,210.1044651,0.8348,0.9325,0.9891
N([*])C(C)CC([*])(=O),1.18,-20.10718563,87.06841391,0.6954,0.7737,0.8864
C([*])C([*])(c1ccc(C(C)=O)cc1),1.12,-31.583042,148.088815,0.7626,0.8663,0.9155
C([*])C([*])(C(=O)OCCSCC),1.19,-33.51745703,162.0714507,0.7957,0.9026,0.9397
C([*])C([*])(C(=O)OCCSC),1.24,-30.35155435,148.0558006,0.8162,0.9197,0.9913
C([*])C([*])(C(=O)Oc1cccc(N(C)C)c1),1.14,-42.27163325,193.1102787,0.8022,0.916,0.9607
C([*])(=O)OC(C([Cl])=C1)=C([Cl])C=C1C(C)(C)C(C=C2([Cl]))=CC([Cl])=C2O([*]),1.4,-81.22191325,435.9802697,1.3366,1.341,1.3568
C([*])C([*])(c1cc(C(C)C)ccc1C(C)C),0.95,-41.20930731,190.1721507,0.6476,0.7134,0.7628
N([*])CC(C)(C)CC(C)CCNC(=O)C(C=C1)=CC=C1C([*])(=O),1.13,-63.62834775,290.1994281,0.8271,0.883,0.9416
*C(C1=CC=CC=N1)C*,1.12,-22.487017,107.0734993,0.7028,0.7931,0.866
C([*])C([*])(C1=C(OC)C=CC=C1),1.06,-29.447336,136.088815,0.709,0.8164,0.8786
C([*])C([*])(c1ccccc1C(=O)OCCC(C)C),1.07,-48.32972687,220.1463299,0.7524,0.8327,0.8729
C([*])C([*])(c1ccccc1C(=O)OCC(C)C),1.09,-45.16594537,206.1306798,0.7603,0.8346,0.898
C([*])C([*])(c1ccccc1C(=O)OCCCCCC),1.05,-51.49245766,234.1619799,0.7434,0.8067,0.8606
C([*])C([*])(C)(C(=O)OCCS(=O)CC),1.2,-40.7343887,192.0820154,0.841,0.9299,1.0086
C([*])C([*])(c1ccccc1C(=O)OCC),1.14,-38.83398305,178.0993797,0.7875,0.8668,0.947
C([*])C([*])(c1ccccc1C(=O)N(C)C),1.11,-38.203365,177.1153641,0.753,0.8389,0.9008
O([*])C(=O)OC(C=C1)=C([Cl])C=C1C(C)(C)C(C=C2)=CC([Cl])=C2([*]),1.34,-73.13268304,368.0582144,1.1191,1.1149,1.1015
C([*])C([*])(C)(C(=O)OCC[Cl]),1.28,-31.15581966,150.0447573,0.8827,0.993,1.0924
C([*])C([*])(c1ccccc1C(=O)OCCCC),1.09,-45.1632904,206.1306798,0.7576,0.8413,0.9025
N([*])CCCCCCCCCC([*])(=O),1,-39.08841611,171.1623143,0.6608,0.724,0.765
O([*])CCOCCOCCOCCOC(=O)NCCCCCCNC([*])(=O),1.17,-95.35235469,408.2471661,0.8695,0.9256,0.9735
O([*])CCOCCOC(=O)NCCCCCCNC([*])(=O),1.2,-74.58109476,320.1947366,0.8599,0.9258,0.9865
*NCCCCCCNC(=O)c1ccc(C(*)=O)cc1,1.19,-54.13492605,248.1524779,0.8476,0.9161,0.9711
N([*])C(=O)CCCCCCC([*]),1.03,-32.80406422,143.1310142,0.6631,0.7271,0.7812
N([*])C(=O)CCCCC(=O)NCCCCCC([*]),1.08,-51.95649293,228.183778,0.7425,0.8153,0.8713
N([*])C(=O)CCCCCCCCCCC(=O)NCCCCCC([*]),1.01,-70.94618215,312.2776784,0.7233,0.7904,0.8213
N([*])C(=O)CCCCCCCCC(=O)NCCCCCC([*]),1.03,-64.61467308,284.2463783,0.7318,0.7794,0.8223
N([*])CCCCCC([*])(=O),1.08,-26.43158141,115.099714,0.6713,0.7524,0.8288
N([*])C(=O)CCCCCCCCCCC([*]),0.98,-45.46116298,199.1936144,0.6499,0.7211,0.763
N([*])C(=O)CCCCCCCCCC([*]),0.99,-42.29745334,185.1779644,0.6491,0.7258,0.7754
N([*])C(C=C1)=CC=C1NC(=O)C(C=C2)=CC=C2C([*])(=O),1.4,-50.04979909,240.0898776,0.9973,1.0941,1.1644
C([*])(=O)OC(C=C1)=CC=C1CC(C=C2)=CC=C2O([*]),1.25,-58.70437286,272.104859,0.9303,1.0042,1.1144
C([*])C(C)(C)C(=O)O([*]),1.15,-34.33517986,146.0942943,0.7368,0.8132,0.8673
O([*])CCOC(=O)NC(C=C1)=CC=C1CC(C=C2)=CC=C2NC([*])(=O),1.32,-78.14410403,358.1528718,0.933,1.0405,1.0849
C([*])C([*])(C(=O)N1CCOCC1),1.13,-32.69648213,143.0946287,0.7743,0.8679,0.9406
*Oc3ccc(C(=O)c2ccc(Oc1ccc(*)cc1)cc2)cc3,1.29,-70.38545811,334.1205091,0.9599,1.0485,1.1345
*OCCCCOC(=O)c1ccc(C(*)=O)cc1,1.3,-59.50117727,266.1154237,0.8983,0.9912,1.0393
